{"cameraMode":{"drawMode":0,"name":"Shaded","section":"Shading Mode"},"sceneLighting":true,"audioPlay":false,"sceneViewState":{"m_AlwaysRefresh":false,"showFog":true,"showSkybox":true,"showFlares":true,"showImageEffects":true,"showParticleSystems":true,"showVisualEffectGraphs":true,"m_FxEnabled":true},"in2DMode":false,"pivot":{"x":-1.045304298400879,"y":-0.0096588134765625,"z":1.4076606035232545},"rotation":{"x":0.24056300520896913,"y":-0.6709303259849548,"z":0.24567018449306489,"w":0.6569869518280029},"size":6.3966217041015629,"orthographic":false}